id,nama,jenis,breed,gender,usia,warna
1,anjing_beagle_1,anjing,beagle,jantan,muda,1
2,kelinci_angora_2,kelinci,angora,betina,muda,2
3,kucing_persia_3,kucing,persia,jantan,dewasa,2
4,kucing_kampung_4,kucing,kampung,betina,dewasa,3
5,kelinci_himalayan_5,kelinci,himalayan,betina,dewasa,3
6,kucing_bengal_6,kucing,bengal,jantan,muda,3
7,anjing_bulldog_7,anjing,bulldog,betina,dewasa,2
8,anjing_bulldog_8,anjing,bulldog,jantan,dewasa,2
9,kucing_siam_9,kucing,siam,betina,dewasa,1
10,kelinci_lop_10,kelinci,lop,betina,dewasa,2
11,kelinci_himalayan_11,kelinci,himalayan,jantan,dewasa,2
12,anjing_bulldog_12,anjing,bulldog,betina,dewasa,1
13,kucing_anggora_13,kucing,anggora,jantan,dewasa,3
14,kucing_siam_14,kucing,siam,betina,muda,3
15,kelinci_angora_15,kelinci,angora,betina,dewasa,2
16,kucing_persia_16,kucing,persia,betina,muda,3
17,kucing_siam_17,kucing,siam,jantan,muda,3
18,kelinci_havana_18,kelinci,havana,betina,senior,3
19,kucing_bengal_19,kucing,bengal,jantan,senior,1
20,kelinci_dwarf_20,kelinci,dwarf,betina,dewasa,2
21,kelinci_lop_21,kelinci,lop,jantan,dewasa,1
22,kucing_anggora_22,kucing,anggora,jantan,senior,1
23,anjing_retriever_23,anjing,retriever,jantan,senior,1
24,kucing_siam_24,kucing,siam,jantan,muda,1
25,anjing_beagle_25,anjing,beagle,betina,dewasa,3
26,kelinci_havana_26,kelinci,havana,jantan,dewasa,1
27,kucing_bengal_27,kucing,bengal,jantan,dewasa,1
28,anjing_retriever_28,anjing,retriever,betina,muda,2
29,kelinci_dwarf_29,kelinci,dwarf,betina,muda,3
30,kucing_anggora_30,kucing,anggora,jantan,dewasa,3
31,kelinci_himalayan_31,kelinci,himalayan,jantan,muda,2
32,kucing_persia_32,kucing,persia,jantan,muda,1
33,kelinci_havana_33,kelinci,havana,betina,dewasa,2
34,kelinci_dwarf_34,kelinci,dwarf,jantan,muda,2
35,kelinci_himalayan_35,kelinci,himalayan,betina,muda,1
36,kelinci_lop_36,kelinci,lop,jantan,dewasa,3
37,kucing_kampung_37,kucing,kampung,betina,dewasa,3
38,kucing_anggora_38,kucing,anggora,jantan,senior,1
39,kelinci_angora_39,kelinci,angora,jantan,dewasa,3
40,kelinci_dwarf_40,kelinci,dwarf,betina,muda,1
41,kucing_siam_41,kucing,siam,betina,muda,3
42,kucing_persia_42,kucing,persia,betina,muda,2
43,anjing_beagle_43,anjing,beagle,betina,muda,3
44,kucing_bengal_44,kucing,bengal,jantan,muda,1
45,anjing_bulldog_45,anjing,bulldog,jantan,senior,3
46,anjing_beagle_46,anjing,beagle,betina,muda,3
47,anjing_retriever_47,anjing,retriever,jantan,dewasa,1
48,kucing_siam_48,kucing,siam,jantan,dewasa,1
49,kucing_siam_49,kucing,siam,betina,muda,2
50,kucing_anggora_50,kucing,anggora,betina,muda,2
51,kucing_siam_51,kucing,siam,jantan,dewasa,2
52,kucing_kampung_52,kucing,kampung,jantan,muda,3
53,kucing_kampung_53,kucing,kampung,jantan,muda,2
54,anjing_german shepherd_54,anjing,german shepherd,jantan,dewasa,1
55,anjing_retriever_55,anjing,retriever,jantan,dewasa,3
56,kucing_persia_56,kucing,persia,betina,senior,2
57,kucing_bengal_57,kucing,bengal,betina,senior,2
58,kucing_siam_58,kucing,siam,jantan,muda,2
59,kelinci_dwarf_59,kelinci,dwarf,jantan,senior,1
60,anjing_bulldog_60,anjing,bulldog,jantan,senior,3
61,kelinci_lop_61,kelinci,lop,betina,dewasa,2
62,kelinci_lop_62,kelinci,lop,betina,dewasa,1
63,kelinci_lop_63,kelinci,lop,betina,senior,1
64,anjing_beagle_64,anjing,beagle,jantan,dewasa,1
65,kucing_siam_65,kucing,siam,betina,muda,2
66,kelinci_havana_66,kelinci,havana,jantan,senior,2
67,kucing_siam_67,kucing,siam,jantan,dewasa,2
68,kelinci_himalayan_68,kelinci,himalayan,jantan,senior,1
69,anjing_beagle_69,anjing,beagle,jantan,muda,2
70,kelinci_havana_70,kelinci,havana,jantan,dewasa,1
71,kelinci_angora_71,kelinci,angora,jantan,dewasa,3
72,anjing_bulldog_72,anjing,bulldog,jantan,dewasa,2
73,kelinci_lop_73,kelinci,lop,betina,dewasa,3
74,kelinci_lop_74,kelinci,lop,jantan,muda,2
75,kucing_bengal_75,kucing,bengal,jantan,dewasa,3
76,kelinci_dwarf_76,kelinci,dwarf,jantan,dewasa,2
77,kelinci_himalayan_77,kelinci,himalayan,betina,muda,2
78,anjing_german shepherd_78,anjing,german shepherd,betina,dewasa,1
79,anjing_beagle_79,anjing,beagle,betina,dewasa,3
80,kelinci_lop_80,kelinci,lop,jantan,senior,2
81,kucing_persia_81,kucing,persia,betina,senior,2
82,kucing_persia_82,kucing,persia,jantan,muda,3
83,kucing_siam_83,kucing,siam,jantan,senior,3
84,kelinci_lop_84,kelinci,lop,betina,dewasa,3
85,kelinci_dwarf_85,kelinci,dwarf,betina,dewasa,2
86,kelinci_lop_86,kelinci,lop,betina,muda,1
87,kucing_bengal_87,kucing,bengal,betina,dewasa,2
88,kelinci_angora_88,kelinci,angora,betina,dewasa,3
89,kelinci_havana_89,kelinci,havana,betina,dewasa,3
90,kucing_kampung_90,kucing,kampung,jantan,dewasa,1
91,anjing_beagle_91,anjing,beagle,betina,dewasa,1
92,kucing_kampung_92,kucing,kampung,betina,dewasa,1
93,kelinci_dwarf_93,kelinci,dwarf,betina,muda,1
94,kelinci_dwarf_94,kelinci,dwarf,jantan,muda,1
95,anjing_retriever_95,anjing,retriever,betina,muda,1
96,kucing_bengal_96,kucing,bengal,jantan,dewasa,2
97,kucing_kampung_97,kucing,kampung,betina,dewasa,1
98,kelinci_angora_98,kelinci,angora,jantan,senior,2
99,anjing_retriever_99,anjing,retriever,betina,senior,1
100,kucing_bengal_100,kucing,bengal,betina,dewasa,2
101,anjing_beagle_101,anjing,beagle,jantan,dewasa,3
102,anjing_beagle_102,anjing,beagle,jantan,dewasa,1
103,kucing_bengal_103,kucing,bengal,jantan,dewasa,2
104,kelinci_dwarf_104,kelinci,dwarf,betina,dewasa,2
105,kucing_bengal_105,kucing,bengal,jantan,dewasa,1
106,anjing_retriever_106,anjing,retriever,jantan,muda,2
107,kelinci_lop_107,kelinci,lop,betina,muda,2
108,kelinci_havana_108,kelinci,havana,jantan,senior,2
109,anjing_retriever_109,anjing,retriever,betina,dewasa,2
110,kucing_kampung_110,kucing,kampung,betina,dewasa,2
111,kelinci_lop_111,kelinci,lop,jantan,dewasa,2
112,kelinci_himalayan_112,kelinci,himalayan,betina,muda,3
113,anjing_german shepherd_113,anjing,german shepherd,jantan,senior,3
114,kucing_anggora_114,kucing,anggora,jantan,dewasa,3
115,anjing_bulldog_115,anjing,bulldog,betina,muda,2
116,kelinci_angora_116,kelinci,angora,betina,muda,2
117,kelinci_havana_117,kelinci,havana,jantan,muda,2
118,anjing_german shepherd_118,anjing,german shepherd,jantan,senior,2
119,kelinci_angora_119,kelinci,angora,betina,dewasa,2
120,kucing_persia_120,kucing,persia,jantan,muda,2
121,kelinci_himalayan_121,kelinci,himalayan,jantan,dewasa,2
122,anjing_retriever_122,anjing,retriever,betina,senior,3
123,kucing_persia_123,kucing,persia,jantan,dewasa,2
124,kucing_bengal_124,kucing,bengal,betina,dewasa,3
125,anjing_beagle_125,anjing,beagle,betina,senior,1
126,anjing_bulldog_126,anjing,bulldog,betina,muda,1
127,kucing_kampung_127,kucing,kampung,betina,senior,1
128,anjing_retriever_128,anjing,retriever,jantan,muda,2
129,kelinci_angora_129,kelinci,angora,jantan,muda,3
130,kelinci_lop_130,kelinci,lop,jantan,dewasa,1
131,kucing_bengal_131,kucing,bengal,jantan,dewasa,2
132,kelinci_angora_132,kelinci,angora,betina,dewasa,3
133,anjing_bulldog_133,anjing,bulldog,betina,senior,1
134,kucing_bengal_134,kucing,bengal,betina,dewasa,2
135,anjing_beagle_135,anjing,beagle,jantan,muda,1
136,kelinci_dwarf_136,kelinci,dwarf,jantan,dewasa,3
137,kelinci_havana_137,kelinci,havana,jantan,dewasa,1
138,kucing_anggora_138,kucing,anggora,jantan,dewasa,2
139,kelinci_angora_139,kelinci,angora,jantan,senior,3
140,kelinci_angora_140,kelinci,angora,jantan,dewasa,1
141,kelinci_lop_141,kelinci,lop,jantan,muda,3
142,kucing_anggora_142,kucing,anggora,betina,muda,1
143,kucing_siam_143,kucing,siam,jantan,muda,2
144,anjing_bulldog_144,anjing,bulldog,jantan,muda,3
145,kelinci_havana_145,kelinci,havana,jantan,dewasa,2
146,kucing_persia_146,kucing,persia,betina,dewasa,1
147,kucing_bengal_147,kucing,bengal,jantan,dewasa,1
148,kucing_kampung_148,kucing,kampung,jantan,muda,3
149,anjing_beagle_149,anjing,beagle,betina,muda,3
150,kelinci_havana_150,kelinci,havana,jantan,dewasa,1
151,kucing_bengal_151,kucing,bengal,jantan,dewasa,3
152,kucing_kampung_152,kucing,kampung,jantan,senior,3
153,kucing_persia_153,kucing,persia,jantan,senior,3
154,anjing_beagle_154,anjing,beagle,jantan,dewasa,1
155,kucing_kampung_155,kucing,kampung,betina,dewasa,3
156,kucing_siam_156,kucing,siam,jantan,dewasa,2
157,kucing_siam_157,kucing,siam,jantan,dewasa,2
158,anjing_beagle_158,anjing,beagle,jantan,muda,2
159,kucing_siam_159,kucing,siam,betina,dewasa,3
160,anjing_german shepherd_160,anjing,german shepherd,jantan,dewasa,2
161,anjing_retriever_161,anjing,retriever,jantan,senior,2
162,kelinci_angora_162,kelinci,angora,jantan,muda,3
163,anjing_bulldog_163,anjing,bulldog,betina,dewasa,3
164,kelinci_lop_164,kelinci,lop,jantan,muda,2
165,kelinci_havana_165,kelinci,havana,jantan,dewasa,1
166,kucing_kampung_166,kucing,kampung,jantan,dewasa,3
167,anjing_bulldog_167,anjing,bulldog,jantan,senior,3
168,anjing_beagle_168,anjing,beagle,betina,dewasa,3
169,anjing_beagle_169,anjing,beagle,betina,dewasa,2
170,anjing_beagle_170,anjing,beagle,jantan,dewasa,1
171,kucing_kampung_171,kucing,kampung,betina,dewasa,3
172,kucing_persia_172,kucing,persia,jantan,dewasa,1
173,anjing_bulldog_173,anjing,bulldog,jantan,dewasa,3
174,anjing_retriever_174,anjing,retriever,betina,dewasa,1
175,kucing_bengal_175,kucing,bengal,betina,dewasa,1
176,anjing_german shepherd_176,anjing,german shepherd,betina,dewasa,3
177,anjing_bulldog_177,anjing,bulldog,jantan,senior,1
178,anjing_german shepherd_178,anjing,german shepherd,betina,senior,2
179,anjing_bulldog_179,anjing,bulldog,jantan,muda,3
180,anjing_retriever_180,anjing,retriever,betina,dewasa,2
181,kelinci_himalayan_181,kelinci,himalayan,betina,dewasa,3
182,kelinci_himalayan_182,kelinci,himalayan,betina,dewasa,1
183,kelinci_lop_183,kelinci,lop,betina,muda,3
184,anjing_beagle_184,anjing,beagle,betina,dewasa,1
185,kelinci_lop_185,kelinci,lop,jantan,senior,2
186,kelinci_havana_186,kelinci,havana,jantan,dewasa,3
187,anjing_german shepherd_187,anjing,german shepherd,jantan,dewasa,2
188,anjing_beagle_188,anjing,beagle,jantan,dewasa,1
189,kucing_kampung_189,kucing,kampung,jantan,senior,1
190,anjing_bulldog_190,anjing,bulldog,betina,muda,3
191,anjing_bulldog_191,anjing,bulldog,betina,dewasa,2
192,kelinci_havana_192,kelinci,havana,betina,muda,3
193,anjing_bulldog_193,anjing,bulldog,betina,dewasa,2
194,anjing_bulldog_194,anjing,bulldog,betina,muda,3
195,kucing_kampung_195,kucing,kampung,betina,dewasa,3
196,anjing_retriever_196,anjing,retriever,betina,dewasa,2
197,kucing_siam_197,kucing,siam,jantan,senior,3
198,kucing_kampung_198,kucing,kampung,betina,muda,3
199,anjing_retriever_199,anjing,retriever,jantan,dewasa,3
200,kucing_bengal_200,kucing,bengal,betina,muda,3
201,kelinci_himalayan_201,kelinci,himalayan,betina,muda,1
202,kelinci_angora_202,kelinci,angora,betina,dewasa,3
203,anjing_retriever_203,anjing,retriever,betina,dewasa,3
204,kelinci_himalayan_204,kelinci,himalayan,jantan,senior,3
205,kelinci_havana_205,kelinci,havana,jantan,dewasa,1
206,kelinci_himalayan_206,kelinci,himalayan,betina,senior,3
207,kelinci_himalayan_207,kelinci,himalayan,jantan,dewasa,2
208,anjing_retriever_208,anjing,retriever,jantan,muda,3
209,anjing_german shepherd_209,anjing,german shepherd,betina,dewasa,1
210,kelinci_dwarf_210,kelinci,dwarf,betina,muda,2
211,kelinci_dwarf_211,kelinci,dwarf,betina,dewasa,1
212,anjing_retriever_212,anjing,retriever,jantan,muda,1
213,kucing_kampung_213,kucing,kampung,betina,dewasa,2
214,anjing_bulldog_214,anjing,bulldog,jantan,muda,1
215,kucing_kampung_215,kucing,kampung,betina,dewasa,1
216,kelinci_lop_216,kelinci,lop,betina,dewasa,1
217,kucing_kampung_217,kucing,kampung,betina,senior,2
218,anjing_bulldog_218,anjing,bulldog,betina,senior,3
219,kucing_anggora_219,kucing,anggora,jantan,dewasa,3
220,kucing_bengal_220,kucing,bengal,betina,dewasa,1
221,kucing_bengal_221,kucing,bengal,jantan,dewasa,2
222,anjing_german shepherd_222,anjing,german shepherd,jantan,senior,1
223,kucing_persia_223,kucing,persia,jantan,muda,2
224,anjing_german shepherd_224,anjing,german shepherd,betina,senior,1
225,anjing_beagle_225,anjing,beagle,jantan,dewasa,2
226,anjing_retriever_226,anjing,retriever,betina,senior,1
227,anjing_german shepherd_227,anjing,german shepherd,betina,senior,1
228,kelinci_havana_228,kelinci,havana,jantan,senior,3
229,kucing_anggora_229,kucing,anggora,betina,dewasa,2
230,kelinci_angora_230,kelinci,angora,jantan,dewasa,1
231,anjing_german shepherd_231,anjing,german shepherd,jantan,senior,2
232,anjing_beagle_232,anjing,beagle,jantan,senior,1
233,anjing_retriever_233,anjing,retriever,jantan,senior,3
234,anjing_german shepherd_234,anjing,german shepherd,jantan,muda,1
235,anjing_german shepherd_235,anjing,german shepherd,betina,senior,2
236,kelinci_himalayan_236,kelinci,himalayan,jantan,senior,3
237,anjing_bulldog_237,anjing,bulldog,betina,dewasa,3
238,kelinci_angora_238,kelinci,angora,betina,dewasa,1
239,kelinci_dwarf_239,kelinci,dwarf,betina,dewasa,1
240,kucing_siam_240,kucing,siam,jantan,dewasa,2
241,kelinci_lop_241,kelinci,lop,jantan,muda,3
242,kelinci_dwarf_242,kelinci,dwarf,betina,dewasa,2
243,anjing_german shepherd_243,anjing,german shepherd,jantan,muda,3
244,kelinci_angora_244,kelinci,angora,betina,muda,2
245,anjing_retriever_245,anjing,retriever,betina,senior,3
246,kucing_persia_246,kucing,persia,jantan,senior,3
247,kelinci_dwarf_247,kelinci,dwarf,jantan,senior,1
248,anjing_retriever_248,anjing,retriever,jantan,dewasa,2
249,kelinci_angora_249,kelinci,angora,jantan,muda,2
250,kucing_bengal_250,kucing,bengal,jantan,muda,3
251,anjing_german shepherd_251,anjing,german shepherd,betina,muda,3
252,kucing_anggora_252,kucing,anggora,betina,muda,2
253,anjing_retriever_253,anjing,retriever,betina,senior,3
254,kucing_kampung_254,kucing,kampung,jantan,dewasa,2
255,kucing_persia_255,kucing,persia,betina,senior,1
256,kelinci_himalayan_256,kelinci,himalayan,jantan,dewasa,3
257,kelinci_himalayan_257,kelinci,himalayan,jantan,muda,1
258,anjing_german shepherd_258,anjing,german shepherd,jantan,dewasa,3
259,anjing_beagle_259,anjing,beagle,jantan,muda,1
260,kucing_kampung_260,kucing,kampung,jantan,dewasa,2
261,kelinci_havana_261,kelinci,havana,jantan,muda,3
262,kelinci_himalayan_262,kelinci,himalayan,betina,senior,3
263,anjing_retriever_263,anjing,retriever,jantan,dewasa,2
264,kucing_bengal_264,kucing,bengal,betina,senior,2
265,kucing_persia_265,kucing,persia,betina,dewasa,2
266,kucing_kampung_266,kucing,kampung,jantan,dewasa,1
267,anjing_beagle_267,anjing,beagle,betina,senior,2
268,anjing_beagle_268,anjing,beagle,betina,dewasa,1
269,anjing_german shepherd_269,anjing,german shepherd,jantan,dewasa,3
270,kelinci_himalayan_270,kelinci,himalayan,jantan,muda,1
271,kucing_anggora_271,kucing,anggora,jantan,dewasa,1
272,kelinci_himalayan_272,kelinci,himalayan,betina,muda,2
273,kucing_siam_273,kucing,siam,betina,senior,3
274,anjing_german shepherd_274,anjing,german shepherd,betina,muda,3
275,kucing_persia_275,kucing,persia,betina,muda,2
276,kucing_anggora_276,kucing,anggora,betina,dewasa,3
277,kelinci_dwarf_277,kelinci,dwarf,jantan,dewasa,3
278,kucing_siam_278,kucing,siam,jantan,muda,2
279,kelinci_lop_279,kelinci,lop,betina,muda,3
280,kelinci_lop_280,kelinci,lop,betina,dewasa,1
281,anjing_retriever_281,anjing,retriever,jantan,muda,3
282,kelinci_himalayan_282,kelinci,himalayan,betina,dewasa,2
283,kelinci_lop_283,kelinci,lop,betina,senior,3
284,kelinci_himalayan_284,kelinci,himalayan,betina,senior,3
285,kelinci_dwarf_285,kelinci,dwarf,jantan,senior,3
286,anjing_beagle_286,anjing,beagle,jantan,dewasa,3
287,kelinci_himalayan_287,kelinci,himalayan,jantan,dewasa,1
288,kucing_siam_288,kucing,siam,jantan,muda,1
289,kucing_siam_289,kucing,siam,betina,muda,3
290,kucing_persia_290,kucing,persia,betina,dewasa,2
291,kelinci_angora_291,kelinci,angora,jantan,dewasa,1
292,anjing_retriever_292,anjing,retriever,betina,dewasa,2
293,anjing_beagle_293,anjing,beagle,betina,muda,2
294,anjing_retriever_294,anjing,retriever,betina,dewasa,1
295,kucing_bengal_295,kucing,bengal,betina,senior,3
296,kucing_anggora_296,kucing,anggora,betina,dewasa,3
297,kelinci_lop_297,kelinci,lop,betina,dewasa,1
298,anjing_beagle_298,anjing,beagle,jantan,senior,3
299,anjing_retriever_299,anjing,retriever,betina,muda,1
300,kelinci_lop_300,kelinci,lop,jantan,dewasa,3
301,anjing_german shepherd_301,anjing,german shepherd,jantan,dewasa,3
302,kelinci_angora_302,kelinci,angora,betina,muda,1
303,kelinci_lop_303,kelinci,lop,jantan,dewasa,2
304,kucing_anggora_304,kucing,anggora,betina,muda,2
305,kelinci_angora_305,kelinci,angora,betina,dewasa,2
306,kelinci_himalayan_306,kelinci,himalayan,betina,dewasa,1
307,kucing_anggora_307,kucing,anggora,jantan,dewasa,3
308,anjing_bulldog_308,anjing,bulldog,betina,dewasa,1
309,anjing_bulldog_309,anjing,bulldog,jantan,muda,2
310,anjing_german shepherd_310,anjing,german shepherd,betina,dewasa,3
311,anjing_german shepherd_311,anjing,german shepherd,betina,muda,1
312,kucing_anggora_312,kucing,anggora,jantan,senior,3
313,kucing_persia_313,kucing,persia,jantan,dewasa,1
314,kelinci_dwarf_314,kelinci,dwarf,betina,senior,3
315,kucing_persia_315,kucing,persia,betina,dewasa,1
316,anjing_german shepherd_316,anjing,german shepherd,jantan,muda,1
317,kelinci_himalayan_317,kelinci,himalayan,betina,dewasa,2
318,kelinci_dwarf_318,kelinci,dwarf,jantan,muda,2
319,kucing_kampung_319,kucing,kampung,jantan,muda,3
320,anjing_german shepherd_320,anjing,german shepherd,betina,dewasa,3
321,kelinci_havana_321,kelinci,havana,betina,muda,2
322,anjing_german shepherd_322,anjing,german shepherd,jantan,dewasa,3
323,kucing_siam_323,kucing,siam,betina,dewasa,2
324,kelinci_himalayan_324,kelinci,himalayan,betina,muda,3
325,kelinci_angora_325,kelinci,angora,betina,dewasa,1
326,kucing_kampung_326,kucing,kampung,jantan,dewasa,2
327,kucing_bengal_327,kucing,bengal,jantan,dewasa,3
328,anjing_german shepherd_328,anjing,german shepherd,jantan,senior,3
329,kelinci_himalayan_329,kelinci,himalayan,betina,senior,3
330,kelinci_angora_330,kelinci,angora,betina,dewasa,1
331,kelinci_dwarf_331,kelinci,dwarf,betina,dewasa,1
332,kelinci_himalayan_332,kelinci,himalayan,jantan,muda,1
333,kelinci_himalayan_333,kelinci,himalayan,jantan,dewasa,2
334,anjing_retriever_334,anjing,retriever,jantan,dewasa,1
335,anjing_beagle_335,anjing,beagle,betina,dewasa,1
336,kelinci_lop_336,kelinci,lop,jantan,dewasa,1
337,kelinci_dwarf_337,kelinci,dwarf,jantan,dewasa,2
338,anjing_beagle_338,anjing,beagle,betina,dewasa,3
339,anjing_retriever_339,anjing,retriever,jantan,dewasa,2
340,anjing_bulldog_340,anjing,bulldog,jantan,dewasa,3
341,kucing_bengal_341,kucing,bengal,jantan,dewasa,1
342,kelinci_lop_342,kelinci,lop,jantan,senior,1
343,kelinci_angora_343,kelinci,angora,betina,dewasa,2
344,kelinci_lop_344,kelinci,lop,jantan,dewasa,2
345,kucing_persia_345,kucing,persia,jantan,dewasa,2
346,kucing_anggora_346,kucing,anggora,betina,dewasa,3
347,kucing_persia_347,kucing,persia,betina,dewasa,2
348,anjing_retriever_348,anjing,retriever,jantan,dewasa,3
349,anjing_retriever_349,anjing,retriever,jantan,senior,2
350,anjing_german shepherd_350,anjing,german shepherd,betina,senior,2
351,kucing_persia_351,kucing,persia,jantan,muda,2
352,anjing_retriever_352,anjing,retriever,betina,muda,1
353,kelinci_dwarf_353,kelinci,dwarf,jantan,senior,3
354,kelinci_havana_354,kelinci,havana,betina,dewasa,3
355,kelinci_havana_355,kelinci,havana,betina,dewasa,2
356,anjing_bulldog_356,anjing,bulldog,betina,senior,3
357,kucing_siam_357,kucing,siam,betina,dewasa,3
358,kelinci_havana_358,kelinci,havana,betina,dewasa,3
359,anjing_retriever_359,anjing,retriever,betina,muda,3
360,anjing_german shepherd_360,anjing,german shepherd,jantan,dewasa,3
361,anjing_retriever_361,anjing,retriever,jantan,dewasa,2
362,kelinci_angora_362,kelinci,angora,jantan,muda,3
363,kelinci_angora_363,kelinci,angora,jantan,senior,2
364,kelinci_himalayan_364,kelinci,himalayan,jantan,dewasa,2
365,anjing_beagle_365,anjing,beagle,jantan,muda,3
366,kucing_siam_366,kucing,siam,betina,dewasa,1
367,anjing_beagle_367,anjing,beagle,jantan,senior,3
368,kelinci_havana_368,kelinci,havana,jantan,dewasa,2
369,kelinci_havana_369,kelinci,havana,jantan,dewasa,3
370,kelinci_dwarf_370,kelinci,dwarf,jantan,dewasa,3
371,kucing_kampung_371,kucing,kampung,betina,muda,3
372,anjing_german shepherd_372,anjing,german shepherd,jantan,muda,2
373,kucing_siam_373,kucing,siam,jantan,dewasa,2
374,kelinci_havana_374,kelinci,havana,betina,dewasa,3
375,anjing_beagle_375,anjing,beagle,betina,dewasa,2
376,kelinci_himalayan_376,kelinci,himalayan,betina,senior,1
377,kelinci_dwarf_377,kelinci,dwarf,betina,dewasa,1
378,kelinci_havana_378,kelinci,havana,jantan,dewasa,2
379,anjing_bulldog_379,anjing,bulldog,jantan,senior,2
380,kucing_bengal_380,kucing,bengal,betina,muda,2
381,kelinci_angora_381,kelinci,angora,jantan,dewasa,1
382,anjing_beagle_382,anjing,beagle,betina,dewasa,2
383,kucing_anggora_383,kucing,anggora,jantan,dewasa,2
384,kucing_kampung_384,kucing,kampung,betina,muda,3
385,anjing_bulldog_385,anjing,bulldog,jantan,dewasa,1
386,kucing_siam_386,kucing,siam,betina,dewasa,3
387,anjing_beagle_387,anjing,beagle,betina,dewasa,3
388,kelinci_dwarf_388,kelinci,dwarf,jantan,dewasa,2
389,anjing_german shepherd_389,anjing,german shepherd,jantan,senior,2
390,kucing_bengal_390,kucing,bengal,betina,dewasa,2
391,anjing_bulldog_391,anjing,bulldog,betina,dewasa,3
392,kucing_anggora_392,kucing,anggora,jantan,dewasa,3
393,anjing_bulldog_393,anjing,bulldog,jantan,muda,3
394,kelinci_havana_394,kelinci,havana,jantan,senior,3
395,kucing_siam_395,kucing,siam,jantan,muda,3
396,kucing_persia_396,kucing,persia,betina,dewasa,1
397,kelinci_havana_397,kelinci,havana,betina,muda,3
398,kelinci_angora_398,kelinci,angora,betina,dewasa,2
399,kucing_kampung_399,kucing,kampung,betina,muda,1
400,kelinci_angora_400,kelinci,angora,betina,muda,1
401,kucing_bengal_401,kucing,bengal,jantan,muda,1
402,anjing_bulldog_402,anjing,bulldog,jantan,dewasa,2
403,kelinci_dwarf_403,kelinci,dwarf,jantan,dewasa,2
404,kucing_persia_404,kucing,persia,jantan,muda,1
405,anjing_retriever_405,anjing,retriever,betina,senior,2
406,anjing_bulldog_406,anjing,bulldog,jantan,muda,3
407,kelinci_dwarf_407,kelinci,dwarf,betina,dewasa,3
408,anjing_bulldog_408,anjing,bulldog,betina,muda,2
409,kelinci_himalayan_409,kelinci,himalayan,jantan,dewasa,2
410,kelinci_dwarf_410,kelinci,dwarf,jantan,muda,3
411,kelinci_lop_411,kelinci,lop,jantan,dewasa,3
412,kucing_kampung_412,kucing,kampung,betina,dewasa,3
413,kelinci_dwarf_413,kelinci,dwarf,jantan,dewasa,1
414,kucing_bengal_414,kucing,bengal,betina,senior,3
415,anjing_bulldog_415,anjing,bulldog,jantan,senior,3
416,anjing_retriever_416,anjing,retriever,jantan,muda,2
417,anjing_beagle_417,anjing,beagle,betina,senior,3
418,kucing_bengal_418,kucing,bengal,betina,muda,3
419,kelinci_havana_419,kelinci,havana,jantan,dewasa,2
420,kelinci_lop_420,kelinci,lop,jantan,dewasa,2
421,anjing_retriever_421,anjing,retriever,betina,senior,2
422,kelinci_angora_422,kelinci,angora,betina,muda,3
423,anjing_beagle_423,anjing,beagle,jantan,dewasa,3
424,anjing_bulldog_424,anjing,bulldog,jantan,dewasa,1
425,kelinci_himalayan_425,kelinci,himalayan,jantan,senior,3
426,kucing_siam_426,kucing,siam,betina,dewasa,3
427,kucing_persia_427,kucing,persia,jantan,senior,3
428,anjing_bulldog_428,anjing,bulldog,betina,senior,2
429,kelinci_angora_429,kelinci,angora,betina,muda,3
430,kucing_persia_430,kucing,persia,betina,dewasa,1
431,anjing_bulldog_431,anjing,bulldog,jantan,dewasa,2
432,kelinci_angora_432,kelinci,angora,jantan,muda,3
433,kelinci_angora_433,kelinci,angora,jantan,muda,2
434,anjing_bulldog_434,anjing,bulldog,betina,dewasa,3
435,kelinci_havana_435,kelinci,havana,jantan,muda,3
436,anjing_bulldog_436,anjing,bulldog,betina,dewasa,2
437,kucing_bengal_437,kucing,bengal,jantan,dewasa,3
438,kelinci_havana_438,kelinci,havana,jantan,muda,1
439,kelinci_lop_439,kelinci,lop,jantan,muda,3
440,kucing_bengal_440,kucing,bengal,betina,muda,3
441,kucing_bengal_441,kucing,bengal,betina,dewasa,2
442,kucing_siam_442,kucing,siam,jantan,senior,2
443,anjing_german shepherd_443,anjing,german shepherd,betina,muda,3
444,anjing_german shepherd_444,anjing,german shepherd,betina,dewasa,1
445,kelinci_dwarf_445,kelinci,dwarf,jantan,muda,2
446,kelinci_himalayan_446,kelinci,himalayan,betina,muda,1
447,anjing_bulldog_447,anjing,bulldog,jantan,senior,1
448,kelinci_himalayan_448,kelinci,himalayan,jantan,senior,1
449,kucing_kampung_449,kucing,kampung,betina,muda,3
450,kucing_persia_450,kucing,persia,betina,dewasa,1
451,kelinci_angora_451,kelinci,angora,betina,muda,2
452,kucing_kampung_452,kucing,kampung,jantan,senior,3
453,kucing_persia_453,kucing,persia,betina,dewasa,3
454,anjing_bulldog_454,anjing,bulldog,jantan,senior,1
455,anjing_beagle_455,anjing,beagle,jantan,dewasa,1
456,anjing_bulldog_456,anjing,bulldog,betina,dewasa,2
457,kucing_persia_457,kucing,persia,jantan,dewasa,2
458,anjing_german shepherd_458,anjing,german shepherd,jantan,dewasa,2
459,kucing_bengal_459,kucing,bengal,jantan,dewasa,2
460,anjing_bulldog_460,anjing,bulldog,betina,dewasa,3
461,kucing_siam_461,kucing,siam,betina,dewasa,1
462,kucing_persia_462,kucing,persia,jantan,dewasa,1
463,kelinci_dwarf_463,kelinci,dwarf,betina,dewasa,2
464,kelinci_havana_464,kelinci,havana,betina,muda,1
465,kucing_persia_465,kucing,persia,jantan,dewasa,2
466,kelinci_angora_466,kelinci,angora,betina,dewasa,3
467,kucing_anggora_467,kucing,anggora,betina,dewasa,2
468,anjing_beagle_468,anjing,beagle,jantan,dewasa,3
469,kelinci_dwarf_469,kelinci,dwarf,jantan,muda,3
470,kucing_siam_470,kucing,siam,betina,muda,1
471,kelinci_dwarf_471,kelinci,dwarf,jantan,dewasa,3
472,anjing_german shepherd_472,anjing,german shepherd,betina,senior,3
473,anjing_beagle_473,anjing,beagle,betina,dewasa,1
474,anjing_bulldog_474,anjing,bulldog,betina,muda,1
475,kelinci_dwarf_475,kelinci,dwarf,jantan,dewasa,1
476,kucing_siam_476,kucing,siam,betina,senior,2
477,kucing_siam_477,kucing,siam,jantan,senior,1
478,anjing_bulldog_478,anjing,bulldog,jantan,dewasa,3
479,kucing_anggora_479,kucing,anggora,betina,dewasa,3
480,kelinci_angora_480,kelinci,angora,jantan,senior,1
481,kucing_kampung_481,kucing,kampung,jantan,muda,2
482,kelinci_dwarf_482,kelinci,dwarf,betina,senior,1
483,kucing_anggora_483,kucing,anggora,jantan,muda,2
484,kucing_persia_484,kucing,persia,jantan,dewasa,1
485,anjing_retriever_485,anjing,retriever,betina,dewasa,2
486,anjing_retriever_486,anjing,retriever,betina,senior,1
487,kucing_anggora_487,kucing,anggora,jantan,dewasa,1
488,kelinci_himalayan_488,kelinci,himalayan,betina,dewasa,2
489,kelinci_dwarf_489,kelinci,dwarf,jantan,dewasa,3
490,kucing_bengal_490,kucing,bengal,betina,dewasa,2
491,kucing_persia_491,kucing,persia,betina,senior,3
492,kelinci_himalayan_492,kelinci,himalayan,jantan,dewasa,2
493,kelinci_havana_493,kelinci,havana,jantan,muda,2
494,kelinci_havana_494,kelinci,havana,betina,dewasa,2
495,kucing_kampung_495,kucing,kampung,betina,dewasa,2
496,kelinci_himalayan_496,kelinci,himalayan,betina,muda,2
497,kelinci_havana_497,kelinci,havana,jantan,muda,1
498,anjing_retriever_498,anjing,retriever,betina,muda,2
499,anjing_retriever_499,anjing,retriever,betina,muda,1
500,kucing_persia_500,kucing,persia,betina,dewasa,2
501,kucing_bengal_501,kucing,bengal,jantan,dewasa,3
502,anjing_german shepherd_502,anjing,german shepherd,betina,dewasa,2
503,anjing_german shepherd_503,anjing,german shepherd,betina,muda,1
504,kucing_siam_504,kucing,siam,jantan,muda,1
505,anjing_bulldog_505,anjing,bulldog,betina,senior,3
506,kelinci_lop_506,kelinci,lop,betina,senior,1
507,kucing_persia_507,kucing,persia,betina,muda,1
508,anjing_retriever_508,anjing,retriever,betina,muda,3
509,kelinci_angora_509,kelinci,angora,jantan,dewasa,1
510,kelinci_havana_510,kelinci,havana,betina,muda,2
511,anjing_beagle_511,anjing,beagle,betina,senior,3
512,kelinci_lop_512,kelinci,lop,betina,dewasa,1
513,anjing_retriever_513,anjing,retriever,jantan,dewasa,1
514,anjing_retriever_514,anjing,retriever,betina,dewasa,2
515,anjing_bulldog_515,anjing,bulldog,betina,senior,2
516,kelinci_himalayan_516,kelinci,himalayan,jantan,dewasa,3
517,kucing_kampung_517,kucing,kampung,jantan,dewasa,1
518,anjing_bulldog_518,anjing,bulldog,betina,senior,2
519,anjing_retriever_519,anjing,retriever,betina,dewasa,2
520,kelinci_havana_520,kelinci,havana,betina,dewasa,1
521,kelinci_lop_521,kelinci,lop,jantan,muda,2
522,kelinci_havana_522,kelinci,havana,betina,senior,1
523,anjing_bulldog_523,anjing,bulldog,betina,muda,1
524,anjing_german shepherd_524,anjing,german shepherd,betina,muda,1
525,kelinci_havana_525,kelinci,havana,jantan,muda,3
526,kelinci_himalayan_526,kelinci,himalayan,jantan,muda,1
527,anjing_beagle_527,anjing,beagle,jantan,muda,3
528,kelinci_lop_528,kelinci,lop,betina,muda,3
529,kucing_anggora_529,kucing,anggora,betina,senior,2
530,anjing_retriever_530,anjing,retriever,jantan,muda,2
531,anjing_bulldog_531,anjing,bulldog,betina,senior,1
532,kucing_anggora_532,kucing,anggora,betina,dewasa,3
533,kelinci_himalayan_533,kelinci,himalayan,jantan,dewasa,2
534,kelinci_dwarf_534,kelinci,dwarf,betina,muda,1
535,kucing_siam_535,kucing,siam,jantan,senior,3
536,kucing_bengal_536,kucing,bengal,betina,senior,2
537,anjing_german shepherd_537,anjing,german shepherd,jantan,dewasa,2
538,kelinci_himalayan_538,kelinci,himalayan,betina,dewasa,3
539,anjing_german shepherd_539,anjing,german shepherd,jantan,dewasa,1
540,kelinci_himalayan_540,kelinci,himalayan,betina,dewasa,3
541,kucing_bengal_541,kucing,bengal,jantan,dewasa,1
542,kucing_anggora_542,kucing,anggora,betina,senior,3
543,anjing_bulldog_543,anjing,bulldog,jantan,senior,2
544,kelinci_lop_544,kelinci,lop,betina,muda,1
545,kelinci_angora_545,kelinci,angora,betina,dewasa,2
546,kucing_bengal_546,kucing,bengal,jantan,dewasa,1
547,kelinci_himalayan_547,kelinci,himalayan,betina,dewasa,2
548,kucing_siam_548,kucing,siam,jantan,muda,1
549,kelinci_dwarf_549,kelinci,dwarf,betina,dewasa,2
550,anjing_german shepherd_550,anjing,german shepherd,jantan,muda,3
551,kucing_siam_551,kucing,siam,jantan,dewasa,2
552,kucing_anggora_552,kucing,anggora,jantan,dewasa,1
553,anjing_bulldog_553,anjing,bulldog,betina,muda,3
554,kucing_kampung_554,kucing,kampung,jantan,dewasa,1
555,kucing_persia_555,kucing,persia,jantan,dewasa,1
556,kelinci_havana_556,kelinci,havana,jantan,dewasa,2
557,anjing_bulldog_557,anjing,bulldog,jantan,muda,2
558,kucing_anggora_558,kucing,anggora,betina,senior,1
559,kucing_persia_559,kucing,persia,betina,muda,1
560,anjing_retriever_560,anjing,retriever,jantan,muda,1
561,kelinci_dwarf_561,kelinci,dwarf,jantan,muda,3
562,kucing_kampung_562,kucing,kampung,betina,dewasa,1
563,kelinci_dwarf_563,kelinci,dwarf,betina,senior,1
564,kucing_anggora_564,kucing,anggora,jantan,dewasa,1
565,kucing_siam_565,kucing,siam,betina,muda,1
566,anjing_retriever_566,anjing,retriever,jantan,dewasa,2
567,kelinci_havana_567,kelinci,havana,betina,muda,1
568,anjing_beagle_568,anjing,beagle,betina,senior,1
569,kelinci_havana_569,kelinci,havana,jantan,muda,1
570,kelinci_angora_570,kelinci,angora,betina,dewasa,3
571,kucing_kampung_571,kucing,kampung,jantan,dewasa,3
572,anjing_german shepherd_572,anjing,german shepherd,jantan,dewasa,3
573,kelinci_himalayan_573,kelinci,himalayan,betina,dewasa,3
574,kucing_bengal_574,kucing,bengal,jantan,muda,3
575,kucing_kampung_575,kucing,kampung,jantan,dewasa,1
576,kelinci_lop_576,kelinci,lop,jantan,muda,2
577,anjing_retriever_577,anjing,retriever,jantan,dewasa,3
578,kucing_anggora_578,kucing,anggora,betina,dewasa,2
579,kucing_kampung_579,kucing,kampung,betina,dewasa,1
580,kelinci_himalayan_580,kelinci,himalayan,betina,dewasa,1
581,kelinci_angora_581,kelinci,angora,betina,muda,3
582,kucing_anggora_582,kucing,anggora,jantan,dewasa,2
583,kelinci_angora_583,kelinci,angora,jantan,dewasa,1
584,kucing_siam_584,kucing,siam,jantan,senior,1
585,kelinci_dwarf_585,kelinci,dwarf,jantan,muda,1
586,kelinci_havana_586,kelinci,havana,jantan,muda,1
587,anjing_german shepherd_587,anjing,german shepherd,betina,muda,1
588,kucing_siam_588,kucing,siam,jantan,dewasa,2
589,anjing_german shepherd_589,anjing,german shepherd,jantan,muda,2
590,kucing_kampung_590,kucing,kampung,betina,dewasa,2
591,anjing_german shepherd_591,anjing,german shepherd,betina,dewasa,2
592,kucing_siam_592,kucing,siam,betina,senior,2
593,kelinci_havana_593,kelinci,havana,jantan,dewasa,1
594,anjing_german shepherd_594,anjing,german shepherd,betina,dewasa,2
595,anjing_german shepherd_595,anjing,german shepherd,jantan,dewasa,3
596,anjing_retriever_596,anjing,retriever,jantan,senior,1
597,kucing_bengal_597,kucing,bengal,betina,dewasa,2
598,anjing_beagle_598,anjing,beagle,betina,dewasa,3
599,kelinci_lop_599,kelinci,lop,betina,senior,1
600,anjing_retriever_600,anjing,retriever,jantan,dewasa,2
601,kelinci_angora_601,kelinci,angora,betina,dewasa,2
602,kelinci_lop_602,kelinci,lop,betina,senior,3
603,kucing_anggora_603,kucing,anggora,betina,muda,2
604,kelinci_lop_604,kelinci,lop,jantan,muda,2
605,kelinci_dwarf_605,kelinci,dwarf,betina,muda,3
606,kelinci_dwarf_606,kelinci,dwarf,jantan,muda,1
607,kelinci_himalayan_607,kelinci,himalayan,betina,dewasa,1
608,kelinci_dwarf_608,kelinci,dwarf,betina,muda,2
609,anjing_beagle_609,anjing,beagle,betina,dewasa,3
610,anjing_bulldog_610,anjing,bulldog,jantan,dewasa,2
611,kucing_kampung_611,kucing,kampung,jantan,senior,2
612,kelinci_angora_612,kelinci,angora,jantan,senior,2
613,kucing_persia_613,kucing,persia,jantan,dewasa,2
614,kelinci_himalayan_614,kelinci,himalayan,betina,dewasa,1
615,kucing_kampung_615,kucing,kampung,jantan,dewasa,1
616,anjing_retriever_616,anjing,retriever,jantan,dewasa,1
617,kucing_anggora_617,kucing,anggora,jantan,dewasa,1
618,anjing_german shepherd_618,anjing,german shepherd,betina,dewasa,3
619,kucing_anggora_619,kucing,anggora,jantan,muda,2
620,kucing_kampung_620,kucing,kampung,jantan,dewasa,3
621,kucing_siam_621,kucing,siam,betina,dewasa,1
622,kucing_persia_622,kucing,persia,betina,dewasa,1
623,kelinci_havana_623,kelinci,havana,jantan,muda,3
624,kucing_siam_624,kucing,siam,betina,senior,2
625,anjing_german shepherd_625,anjing,german shepherd,betina,dewasa,2
626,anjing_retriever_626,anjing,retriever,betina,dewasa,2
627,kelinci_lop_627,kelinci,lop,betina,senior,1
628,kucing_siam_628,kucing,siam,betina,dewasa,1
629,kucing_bengal_629,kucing,bengal,jantan,senior,2
630,kelinci_dwarf_630,kelinci,dwarf,betina,dewasa,3
631,kelinci_himalayan_631,kelinci,himalayan,betina,dewasa,1
632,kelinci_angora_632,kelinci,angora,jantan,dewasa,1
633,kelinci_angora_633,kelinci,angora,betina,muda,2
634,anjing_bulldog_634,anjing,bulldog,betina,dewasa,2
635,kelinci_lop_635,kelinci,lop,betina,muda,1
636,kelinci_dwarf_636,kelinci,dwarf,jantan,muda,1
637,anjing_german shepherd_637,anjing,german shepherd,jantan,senior,1
638,anjing_retriever_638,anjing,retriever,jantan,muda,3
639,kelinci_lop_639,kelinci,lop,jantan,dewasa,3
640,kucing_anggora_640,kucing,anggora,betina,senior,2
641,kucing_kampung_641,kucing,kampung,betina,senior,3
642,kucing_anggora_642,kucing,anggora,betina,muda,3
643,anjing_retriever_643,anjing,retriever,jantan,dewasa,2
644,kelinci_himalayan_644,kelinci,himalayan,betina,senior,1
645,anjing_bulldog_645,anjing,bulldog,betina,muda,1
646,anjing_retriever_646,anjing,retriever,jantan,dewasa,1
647,anjing_german shepherd_647,anjing,german shepherd,jantan,dewasa,3
648,kelinci_dwarf_648,kelinci,dwarf,betina,senior,2
649,anjing_retriever_649,anjing,retriever,jantan,muda,1
650,kelinci_himalayan_650,kelinci,himalayan,betina,muda,2
651,kucing_siam_651,kucing,siam,betina,muda,2
652,kucing_persia_652,kucing,persia,betina,dewasa,3
653,kucing_kampung_653,kucing,kampung,betina,dewasa,1
654,anjing_beagle_654,anjing,beagle,betina,muda,2
655,kucing_anggora_655,kucing,anggora,jantan,dewasa,1
656,kucing_siam_656,kucing,siam,betina,muda,3
657,kucing_persia_657,kucing,persia,betina,dewasa,3
658,anjing_beagle_658,anjing,beagle,betina,dewasa,3
659,kelinci_angora_659,kelinci,angora,betina,dewasa,1
660,kelinci_havana_660,kelinci,havana,betina,muda,2
661,kelinci_lop_661,kelinci,lop,betina,dewasa,1
662,kelinci_dwarf_662,kelinci,dwarf,betina,dewasa,2
663,kucing_anggora_663,kucing,anggora,jantan,senior,1
664,kelinci_lop_664,kelinci,lop,betina,dewasa,3
665,kucing_anggora_665,kucing,anggora,betina,senior,2
666,kelinci_dwarf_666,kelinci,dwarf,jantan,muda,2
667,kucing_persia_667,kucing,persia,jantan,senior,3
668,anjing_german shepherd_668,anjing,german shepherd,jantan,dewasa,2
669,kucing_persia_669,kucing,persia,jantan,muda,2
670,anjing_retriever_670,anjing,retriever,betina,dewasa,3
671,kelinci_lop_671,kelinci,lop,betina,senior,3
672,anjing_beagle_672,anjing,beagle,betina,dewasa,1
673,kucing_persia_673,kucing,persia,jantan,dewasa,3
674,kelinci_dwarf_674,kelinci,dwarf,jantan,dewasa,3
675,anjing_beagle_675,anjing,beagle,jantan,dewasa,1
676,anjing_german shepherd_676,anjing,german shepherd,betina,muda,1
677,kucing_kampung_677,kucing,kampung,jantan,dewasa,3
678,kucing_siam_678,kucing,siam,jantan,dewasa,3
679,kelinci_himalayan_679,kelinci,himalayan,jantan,dewasa,3
680,kelinci_lop_680,kelinci,lop,jantan,senior,1
681,kucing_bengal_681,kucing,bengal,jantan,muda,2
682,anjing_bulldog_682,anjing,bulldog,jantan,muda,1
683,kelinci_dwarf_683,kelinci,dwarf,jantan,dewasa,1
684,kucing_persia_684,kucing,persia,betina,dewasa,3
685,kucing_siam_685,kucing,siam,jantan,muda,1
686,kelinci_angora_686,kelinci,angora,betina,muda,2
687,kelinci_angora_687,kelinci,angora,betina,dewasa,3
688,kucing_persia_688,kucing,persia,jantan,muda,1
689,kucing_kampung_689,kucing,kampung,jantan,senior,3
690,kelinci_dwarf_690,kelinci,dwarf,betina,muda,3
691,kelinci_himalayan_691,kelinci,himalayan,jantan,dewasa,2
692,anjing_retriever_692,anjing,retriever,betina,dewasa,2
693,kelinci_himalayan_693,kelinci,himalayan,jantan,dewasa,1
694,kelinci_angora_694,kelinci,angora,jantan,dewasa,3
695,kelinci_havana_695,kelinci,havana,jantan,dewasa,1
696,anjing_german shepherd_696,anjing,german shepherd,betina,muda,3
697,kucing_persia_697,kucing,persia,betina,muda,1
698,kelinci_havana_698,kelinci,havana,betina,muda,3
699,kucing_kampung_699,kucing,kampung,betina,dewasa,1
700,kucing_kampung_700,kucing,kampung,jantan,muda,1
701,anjing_bulldog_701,anjing,bulldog,jantan,muda,3
702,anjing_german shepherd_702,anjing,german shepherd,jantan,dewasa,3
703,kelinci_angora_703,kelinci,angora,betina,dewasa,1
704,kucing_kampung_704,kucing,kampung,betina,muda,3
705,kelinci_havana_705,kelinci,havana,betina,dewasa,1
706,anjing_bulldog_706,anjing,bulldog,jantan,dewasa,1
707,anjing_beagle_707,anjing,beagle,jantan,senior,3
708,anjing_retriever_708,anjing,retriever,betina,dewasa,1
709,anjing_beagle_709,anjing,beagle,betina,dewasa,2
710,anjing_retriever_710,anjing,retriever,betina,dewasa,1
711,anjing_german shepherd_711,anjing,german shepherd,betina,senior,3
712,kucing_persia_712,kucing,persia,jantan,senior,1
713,kelinci_lop_713,kelinci,lop,jantan,dewasa,3
714,anjing_bulldog_714,anjing,bulldog,betina,dewasa,3
715,kucing_siam_715,kucing,siam,betina,dewasa,3
716,kelinci_lop_716,kelinci,lop,betina,muda,1
717,kelinci_lop_717,kelinci,lop,betina,dewasa,3
718,anjing_retriever_718,anjing,retriever,jantan,dewasa,1
719,kelinci_havana_719,kelinci,havana,jantan,muda,2
720,kucing_bengal_720,kucing,bengal,betina,senior,2
721,anjing_german shepherd_721,anjing,german shepherd,jantan,dewasa,1
722,anjing_retriever_722,anjing,retriever,jantan,muda,2
723,anjing_beagle_723,anjing,beagle,jantan,muda,3
724,kelinci_himalayan_724,kelinci,himalayan,jantan,senior,3
725,kelinci_lop_725,kelinci,lop,betina,senior,2
726,kucing_kampung_726,kucing,kampung,jantan,dewasa,2
727,anjing_beagle_727,anjing,beagle,jantan,muda,3
728,kucing_siam_728,kucing,siam,betina,muda,2
729,anjing_retriever_729,anjing,retriever,jantan,dewasa,1
730,anjing_bulldog_730,anjing,bulldog,betina,muda,3
731,anjing_retriever_731,anjing,retriever,betina,dewasa,2
732,anjing_german shepherd_732,anjing,german shepherd,jantan,dewasa,2
733,kucing_siam_733,kucing,siam,betina,muda,2
734,kelinci_himalayan_734,kelinci,himalayan,jantan,dewasa,3
735,kucing_persia_735,kucing,persia,jantan,muda,1
736,anjing_german shepherd_736,anjing,german shepherd,betina,senior,1
737,kelinci_dwarf_737,kelinci,dwarf,betina,senior,2
738,kucing_siam_738,kucing,siam,betina,dewasa,3
739,kelinci_dwarf_739,kelinci,dwarf,betina,dewasa,2
740,kelinci_himalayan_740,kelinci,himalayan,jantan,muda,1
741,kucing_anggora_741,kucing,anggora,jantan,dewasa,1
742,kelinci_dwarf_742,kelinci,dwarf,jantan,dewasa,2
743,anjing_bulldog_743,anjing,bulldog,betina,dewasa,2
744,anjing_bulldog_744,anjing,bulldog,betina,muda,1
745,kelinci_havana_745,kelinci,havana,jantan,muda,1
746,anjing_retriever_746,anjing,retriever,betina,muda,3
747,kucing_bengal_747,kucing,bengal,jantan,muda,3
748,kelinci_dwarf_748,kelinci,dwarf,jantan,muda,2
749,kucing_kampung_749,kucing,kampung,jantan,senior,2
750,kucing_bengal_750,kucing,bengal,jantan,muda,1
751,anjing_german shepherd_751,anjing,german shepherd,betina,dewasa,1
752,kucing_kampung_752,kucing,kampung,betina,dewasa,3
753,anjing_bulldog_753,anjing,bulldog,betina,muda,2
754,anjing_beagle_754,anjing,beagle,betina,muda,1
755,kucing_persia_755,kucing,persia,jantan,muda,3
756,anjing_retriever_756,anjing,retriever,betina,dewasa,3
757,kucing_siam_757,kucing,siam,jantan,muda,2
758,anjing_beagle_758,anjing,beagle,betina,muda,3
759,kucing_bengal_759,kucing,bengal,jantan,dewasa,3
760,anjing_beagle_760,anjing,beagle,jantan,dewasa,1
761,kelinci_himalayan_761,kelinci,himalayan,jantan,senior,1
762,kelinci_havana_762,kelinci,havana,jantan,muda,3
763,kucing_anggora_763,kucing,anggora,betina,senior,1
764,kelinci_havana_764,kelinci,havana,betina,dewasa,2
765,kucing_bengal_765,kucing,bengal,jantan,muda,1
766,anjing_beagle_766,anjing,beagle,betina,senior,2
767,kelinci_lop_767,kelinci,lop,betina,muda,2
768,kelinci_havana_768,kelinci,havana,jantan,muda,2
769,kelinci_dwarf_769,kelinci,dwarf,betina,muda,3
770,kucing_anggora_770,kucing,anggora,betina,dewasa,3
771,kelinci_lop_771,kelinci,lop,jantan,dewasa,3
772,anjing_german shepherd_772,anjing,german shepherd,betina,dewasa,1
773,kucing_persia_773,kucing,persia,jantan,dewasa,3
774,kelinci_lop_774,kelinci,lop,betina,dewasa,3
775,kelinci_angora_775,kelinci,angora,betina,senior,2
776,kelinci_angora_776,kelinci,angora,jantan,muda,1
777,kelinci_dwarf_777,kelinci,dwarf,betina,muda,1
778,anjing_retriever_778,anjing,retriever,betina,senior,1
779,kelinci_dwarf_779,kelinci,dwarf,jantan,dewasa,1
780,kelinci_angora_780,kelinci,angora,betina,dewasa,3
781,kelinci_angora_781,kelinci,angora,jantan,dewasa,3
782,anjing_beagle_782,anjing,beagle,jantan,dewasa,1
783,anjing_retriever_783,anjing,retriever,betina,muda,1
784,kelinci_havana_784,kelinci,havana,jantan,dewasa,3
785,anjing_beagle_785,anjing,beagle,jantan,senior,1
786,anjing_beagle_786,anjing,beagle,jantan,dewasa,2
787,kucing_siam_787,kucing,siam,jantan,dewasa,2
788,anjing_retriever_788,anjing,retriever,betina,muda,1
789,anjing_retriever_789,anjing,retriever,jantan,muda,2
790,kelinci_dwarf_790,kelinci,dwarf,betina,muda,1
791,kucing_siam_791,kucing,siam,jantan,muda,1
792,anjing_retriever_792,anjing,retriever,betina,senior,2
793,kucing_bengal_793,kucing,bengal,jantan,dewasa,1
794,kelinci_lop_794,kelinci,lop,betina,dewasa,1
795,kucing_persia_795,kucing,persia,jantan,muda,1
796,anjing_retriever_796,anjing,retriever,jantan,dewasa,1
797,kucing_bengal_797,kucing,bengal,betina,senior,1
798,kucing_anggora_798,kucing,anggora,betina,dewasa,2
799,kucing_kampung_799,kucing,kampung,betina,dewasa,1
800,kucing_bengal_800,kucing,bengal,betina,dewasa,1
801,kucing_persia_801,kucing,persia,jantan,dewasa,1
802,kelinci_himalayan_802,kelinci,himalayan,jantan,muda,1
803,kucing_anggora_803,kucing,anggora,betina,dewasa,2
804,kelinci_angora_804,kelinci,angora,jantan,senior,3
805,anjing_bulldog_805,anjing,bulldog,betina,muda,1
806,kucing_persia_806,kucing,persia,betina,dewasa,3
807,anjing_bulldog_807,anjing,bulldog,betina,senior,1
808,kucing_bengal_808,kucing,bengal,jantan,muda,3
809,anjing_retriever_809,anjing,retriever,betina,muda,3
810,kelinci_angora_810,kelinci,angora,betina,dewasa,1
811,anjing_german shepherd_811,anjing,german shepherd,betina,senior,3
812,kucing_persia_812,kucing,persia,jantan,dewasa,1
813,anjing_retriever_813,anjing,retriever,betina,dewasa,2
814,kucing_persia_814,kucing,persia,betina,senior,2
815,kucing_persia_815,kucing,persia,betina,senior,1
816,anjing_beagle_816,anjing,beagle,betina,dewasa,2
817,kelinci_himalayan_817,kelinci,himalayan,betina,muda,3
818,kucing_siam_818,kucing,siam,betina,dewasa,3
819,kelinci_himalayan_819,kelinci,himalayan,jantan,dewasa,3
820,kelinci_himalayan_820,kelinci,himalayan,jantan,dewasa,1
821,anjing_bulldog_821,anjing,bulldog,jantan,senior,1
822,anjing_german shepherd_822,anjing,german shepherd,jantan,senior,1
823,anjing_beagle_823,anjing,beagle,jantan,muda,1
824,kelinci_himalayan_824,kelinci,himalayan,jantan,muda,1
825,kucing_anggora_825,kucing,anggora,jantan,senior,3
826,kucing_siam_826,kucing,siam,jantan,dewasa,2
827,anjing_bulldog_827,anjing,bulldog,jantan,dewasa,1
828,anjing_retriever_828,anjing,retriever,jantan,muda,1
829,kucing_anggora_829,kucing,anggora,jantan,muda,2
830,kucing_anggora_830,kucing,anggora,betina,dewasa,3
831,kelinci_angora_831,kelinci,angora,betina,dewasa,2
832,anjing_bulldog_832,anjing,bulldog,betina,muda,1
833,kelinci_lop_833,kelinci,lop,jantan,dewasa,1
834,anjing_german shepherd_834,anjing,german shepherd,betina,dewasa,2
835,kelinci_havana_835,kelinci,havana,betina,dewasa,2
836,kucing_kampung_836,kucing,kampung,jantan,dewasa,1
837,kelinci_dwarf_837,kelinci,dwarf,betina,dewasa,1
838,anjing_retriever_838,anjing,retriever,jantan,senior,2
839,anjing_beagle_839,anjing,beagle,betina,senior,1
840,kucing_kampung_840,kucing,kampung,betina,muda,1
841,kucing_persia_841,kucing,persia,betina,dewasa,2
842,kucing_anggora_842,kucing,anggora,betina,muda,1
843,kucing_anggora_843,kucing,anggora,jantan,dewasa,2
844,kucing_bengal_844,kucing,bengal,jantan,dewasa,1
845,kucing_kampung_845,kucing,kampung,jantan,senior,3
846,kucing_bengal_846,kucing,bengal,betina,muda,2
847,kucing_kampung_847,kucing,kampung,jantan,senior,2
848,anjing_retriever_848,anjing,retriever,betina,dewasa,3
849,anjing_retriever_849,anjing,retriever,jantan,dewasa,3
850,kelinci_lop_850,kelinci,lop,jantan,muda,2
851,anjing_bulldog_851,anjing,bulldog,betina,muda,3
852,anjing_bulldog_852,anjing,bulldog,jantan,senior,1
853,kucing_anggora_853,kucing,anggora,jantan,senior,3
854,kelinci_havana_854,kelinci,havana,betina,dewasa,1
855,anjing_beagle_855,anjing,beagle,betina,dewasa,2
856,kucing_siam_856,kucing,siam,jantan,muda,3
857,kelinci_lop_857,kelinci,lop,jantan,dewasa,2
858,kucing_persia_858,kucing,persia,jantan,dewasa,2
859,kelinci_lop_859,kelinci,lop,betina,muda,2
860,kucing_kampung_860,kucing,kampung,jantan,muda,3
861,anjing_beagle_861,anjing,beagle,jantan,muda,3
862,anjing_beagle_862,anjing,beagle,betina,senior,2
863,kelinci_dwarf_863,kelinci,dwarf,jantan,senior,2
864,kucing_kampung_864,kucing,kampung,betina,dewasa,3
865,kelinci_dwarf_865,kelinci,dwarf,betina,dewasa,3
866,anjing_beagle_866,anjing,beagle,jantan,dewasa,3
867,anjing_beagle_867,anjing,beagle,jantan,dewasa,3
868,kucing_anggora_868,kucing,anggora,jantan,muda,1
869,anjing_german shepherd_869,anjing,german shepherd,jantan,dewasa,1
870,kucing_siam_870,kucing,siam,betina,dewasa,2
871,anjing_german shepherd_871,anjing,german shepherd,betina,muda,1
872,kelinci_lop_872,kelinci,lop,betina,dewasa,1
873,anjing_beagle_873,anjing,beagle,jantan,dewasa,3
874,anjing_retriever_874,anjing,retriever,betina,muda,2
875,kucing_bengal_875,kucing,bengal,jantan,senior,1
876,kelinci_dwarf_876,kelinci,dwarf,betina,dewasa,3
877,anjing_bulldog_877,anjing,bulldog,betina,dewasa,2
878,kucing_persia_878,kucing,persia,jantan,senior,3
879,anjing_beagle_879,anjing,beagle,betina,dewasa,1
880,kucing_persia_880,kucing,persia,betina,dewasa,2
881,kelinci_himalayan_881,kelinci,himalayan,betina,dewasa,3
882,anjing_retriever_882,anjing,retriever,jantan,muda,2
883,anjing_beagle_883,anjing,beagle,jantan,muda,2
884,anjing_german shepherd_884,anjing,german shepherd,jantan,senior,2
885,anjing_german shepherd_885,anjing,german shepherd,jantan,dewasa,3
886,kucing_persia_886,kucing,persia,jantan,dewasa,3
887,kelinci_angora_887,kelinci,angora,jantan,muda,2
888,kucing_siam_888,kucing,siam,betina,muda,3
889,anjing_beagle_889,anjing,beagle,jantan,senior,1
890,kelinci_himalayan_890,kelinci,himalayan,jantan,muda,3
891,kucing_siam_891,kucing,siam,jantan,dewasa,1
892,anjing_retriever_892,anjing,retriever,jantan,senior,3
893,kucing_kampung_893,kucing,kampung,betina,muda,2
894,kelinci_lop_894,kelinci,lop,betina,dewasa,2
895,anjing_german shepherd_895,anjing,german shepherd,betina,dewasa,3
896,anjing_beagle_896,anjing,beagle,jantan,senior,2
897,anjing_beagle_897,anjing,beagle,jantan,dewasa,1
898,kelinci_himalayan_898,kelinci,himalayan,betina,muda,3
899,kelinci_himalayan_899,kelinci,himalayan,betina,dewasa,1
900,kucing_persia_900,kucing,persia,jantan,dewasa,3
901,anjing_bulldog_901,anjing,bulldog,betina,dewasa,3
902,kelinci_lop_902,kelinci,lop,betina,dewasa,1
903,kelinci_angora_903,kelinci,angora,betina,muda,2
904,kelinci_himalayan_904,kelinci,himalayan,jantan,muda,2
905,kucing_kampung_905,kucing,kampung,betina,dewasa,3
906,kelinci_himalayan_906,kelinci,himalayan,jantan,senior,1
907,kelinci_angora_907,kelinci,angora,betina,senior,2
908,anjing_german shepherd_908,anjing,german shepherd,jantan,muda,2
909,kucing_persia_909,kucing,persia,jantan,muda,2
910,kelinci_havana_910,kelinci,havana,betina,dewasa,3
911,anjing_retriever_911,anjing,retriever,betina,muda,3
912,anjing_bulldog_912,anjing,bulldog,betina,muda,3
913,anjing_retriever_913,anjing,retriever,betina,senior,3
914,kucing_siam_914,kucing,siam,jantan,muda,1
915,kelinci_lop_915,kelinci,lop,betina,senior,3
916,anjing_retriever_916,anjing,retriever,betina,muda,1
917,kucing_siam_917,kucing,siam,jantan,dewasa,3
918,kucing_persia_918,kucing,persia,jantan,dewasa,1
919,kelinci_dwarf_919,kelinci,dwarf,betina,dewasa,2
920,kucing_anggora_920,kucing,anggora,jantan,muda,3
921,kucing_siam_921,kucing,siam,betina,dewasa,2
922,kucing_anggora_922,kucing,anggora,jantan,dewasa,3
923,kucing_persia_923,kucing,persia,betina,senior,1
924,kucing_anggora_924,kucing,anggora,betina,muda,1
925,kucing_persia_925,kucing,persia,betina,senior,1
926,anjing_bulldog_926,anjing,bulldog,betina,dewasa,2
927,kucing_siam_927,kucing,siam,jantan,muda,2
928,anjing_beagle_928,anjing,beagle,betina,senior,1
929,anjing_bulldog_929,anjing,bulldog,jantan,dewasa,3
930,kelinci_lop_930,kelinci,lop,jantan,senior,2
931,anjing_bulldog_931,anjing,bulldog,jantan,dewasa,2
932,kucing_anggora_932,kucing,anggora,jantan,dewasa,3
933,kelinci_dwarf_933,kelinci,dwarf,jantan,senior,1
934,kucing_persia_934,kucing,persia,betina,muda,1
935,kelinci_dwarf_935,kelinci,dwarf,betina,muda,1
936,kucing_kampung_936,kucing,kampung,betina,dewasa,2
937,anjing_german shepherd_937,anjing,german shepherd,jantan,muda,1
938,kelinci_angora_938,kelinci,angora,betina,muda,3
939,anjing_retriever_939,anjing,retriever,jantan,senior,2
940,anjing_german shepherd_940,anjing,german shepherd,betina,dewasa,2
941,anjing_bulldog_941,anjing,bulldog,betina,dewasa,3
942,anjing_beagle_942,anjing,beagle,jantan,dewasa,1
943,kelinci_angora_943,kelinci,angora,betina,muda,3
944,kelinci_angora_944,kelinci,angora,betina,muda,1
945,anjing_german shepherd_945,anjing,german shepherd,jantan,dewasa,1
946,kucing_kampung_946,kucing,kampung,betina,muda,2
947,kucing_persia_947,kucing,persia,betina,dewasa,3
948,anjing_retriever_948,anjing,retriever,betina,dewasa,2
949,kucing_bengal_949,kucing,bengal,jantan,dewasa,3
950,kucing_bengal_950,kucing,bengal,jantan,muda,2
951,kelinci_havana_951,kelinci,havana,jantan,dewasa,3
952,anjing_german shepherd_952,anjing,german shepherd,betina,senior,1
953,kucing_persia_953,kucing,persia,betina,dewasa,2
954,anjing_bulldog_954,anjing,bulldog,jantan,dewasa,3
955,anjing_german shepherd_955,anjing,german shepherd,jantan,dewasa,2
956,kucing_bengal_956,kucing,bengal,jantan,senior,2
957,kucing_siam_957,kucing,siam,jantan,senior,3
958,kucing_kampung_958,kucing,kampung,jantan,muda,1
959,anjing_beagle_959,anjing,beagle,betina,dewasa,2
960,anjing_bulldog_960,anjing,bulldog,betina,dewasa,1
961,anjing_beagle_961,anjing,beagle,betina,dewasa,3
962,kucing_kampung_962,kucing,kampung,jantan,muda,1
963,kucing_anggora_963,kucing,anggora,jantan,senior,3
964,kelinci_himalayan_964,kelinci,himalayan,jantan,muda,1
965,kelinci_angora_965,kelinci,angora,jantan,senior,1
966,anjing_bulldog_966,anjing,bulldog,jantan,muda,2
967,kucing_kampung_967,kucing,kampung,betina,dewasa,2
968,anjing_retriever_968,anjing,retriever,jantan,dewasa,1
969,kucing_kampung_969,kucing,kampung,jantan,dewasa,2
970,kelinci_himalayan_970,kelinci,himalayan,jantan,dewasa,1
971,kelinci_himalayan_971,kelinci,himalayan,betina,senior,2
972,kelinci_himalayan_972,kelinci,himalayan,jantan,muda,2
973,kelinci_lop_973,kelinci,lop,betina,dewasa,1
974,kelinci_dwarf_974,kelinci,dwarf,jantan,muda,2
975,kucing_anggora_975,kucing,anggora,jantan,dewasa,2
976,anjing_retriever_976,anjing,retriever,betina,muda,1
977,kelinci_havana_977,kelinci,havana,betina,dewasa,2
978,kelinci_himalayan_978,kelinci,himalayan,jantan,senior,1
979,kucing_anggora_979,kucing,anggora,betina,dewasa,2
980,kelinci_havana_980,kelinci,havana,jantan,dewasa,1
981,kucing_kampung_981,kucing,kampung,betina,muda,2
982,kelinci_lop_982,kelinci,lop,jantan,dewasa,1
983,kelinci_lop_983,kelinci,lop,jantan,muda,2
984,kucing_kampung_984,kucing,kampung,jantan,dewasa,3
985,anjing_beagle_985,anjing,beagle,betina,muda,3
986,kucing_kampung_986,kucing,kampung,betina,muda,2
987,kelinci_himalayan_987,kelinci,himalayan,betina,muda,2
988,anjing_bulldog_988,anjing,bulldog,jantan,dewasa,3
989,anjing_retriever_989,anjing,retriever,betina,muda,1
990,kelinci_angora_990,kelinci,angora,betina,dewasa,1
991,kelinci_lop_991,kelinci,lop,jantan,senior,1
992,kucing_persia_992,kucing,persia,jantan,dewasa,1
993,kucing_bengal_993,kucing,bengal,jantan,muda,3
994,kelinci_himalayan_994,kelinci,himalayan,betina,dewasa,1
995,kelinci_angora_995,kelinci,angora,betina,muda,1
996,anjing_beagle_996,anjing,beagle,betina,dewasa,1
997,kucing_bengal_997,kucing,bengal,betina,dewasa,3
998,kucing_anggora_998,kucing,anggora,betina,dewasa,1
999,kucing_kampung_999,kucing,kampung,betina,muda,1
1000,kelinci_himalayan_1000,kelinci,himalayan,betina,dewasa,1
1001,anjing_bulldog_1001,anjing,bulldog,jantan,dewasa,1
1002,kelinci_angora_1002,kelinci,angora,betina,dewasa,2
1003,kucing_siam_1003,kucing,siam,jantan,muda,1
1004,kelinci_angora_1004,kelinci,angora,jantan,dewasa,1
1005,kucing_persia_1005,kucing,persia,jantan,dewasa,3
1006,anjing_german shepherd_1006,anjing,german shepherd,betina,dewasa,3
1007,anjing_german shepherd_1007,anjing,german shepherd,betina,dewasa,1
1008,anjing_beagle_1008,anjing,beagle,betina,senior,3
1009,kelinci_himalayan_1009,kelinci,himalayan,jantan,muda,3
1010,kelinci_lop_1010,kelinci,lop,jantan,senior,1
1011,kelinci_dwarf_1011,kelinci,dwarf,betina,dewasa,1
1012,kelinci_himalayan_1012,kelinci,himalayan,betina,muda,1
1013,kucing_siam_1013,kucing,siam,jantan,senior,3
1014,kelinci_havana_1014,kelinci,havana,betina,senior,3
1015,kucing_kampung_1015,kucing,kampung,betina,senior,2
1016,kelinci_himalayan_1016,kelinci,himalayan,betina,dewasa,1
1017,kelinci_havana_1017,kelinci,havana,betina,senior,1
1018,anjing_german shepherd_1018,anjing,german shepherd,betina,muda,1
1019,anjing_retriever_1019,anjing,retriever,betina,dewasa,3
1020,anjing_retriever_1020,anjing,retriever,betina,dewasa,1
1021,anjing_bulldog_1021,anjing,bulldog,betina,muda,2
1022,kelinci_lop_1022,kelinci,lop,jantan,dewasa,1
1023,anjing_beagle_1023,anjing,beagle,jantan,muda,1
1024,anjing_beagle_1024,anjing,beagle,jantan,senior,3
1025,anjing_retriever_1025,anjing,retriever,jantan,dewasa,1
1026,anjing_retriever_1026,anjing,retriever,jantan,dewasa,2
1027,kucing_siam_1027,kucing,siam,betina,dewasa,1
1028,anjing_beagle_1028,anjing,beagle,betina,muda,2
1029,kelinci_angora_1029,kelinci,angora,jantan,dewasa,1
1030,anjing_retriever_1030,anjing,retriever,betina,dewasa,2
1031,anjing_bulldog_1031,anjing,bulldog,betina,dewasa,3
1032,anjing_retriever_1032,anjing,retriever,betina,dewasa,2
1033,kucing_anggora_1033,kucing,anggora,betina,dewasa,3
1034,kelinci_angora_1034,kelinci,angora,betina,dewasa,2
1035,anjing_german shepherd_1035,anjing,german shepherd,betina,muda,3
1036,kucing_siam_1036,kucing,siam,jantan,dewasa,3
1037,anjing_retriever_1037,anjing,retriever,betina,muda,3
1038,kelinci_angora_1038,kelinci,angora,jantan,dewasa,2
1039,kucing_siam_1039,kucing,siam,jantan,dewasa,3
1040,anjing_bulldog_1040,anjing,bulldog,jantan,muda,3
1041,kucing_kampung_1041,kucing,kampung,jantan,senior,3
1042,anjing_beagle_1042,anjing,beagle,jantan,muda,3
1043,kelinci_havana_1043,kelinci,havana,jantan,dewasa,3
1044,kucing_bengal_1044,kucing,bengal,betina,muda,3
1045,kelinci_dwarf_1045,kelinci,dwarf,betina,dewasa,3
1046,kucing_siam_1046,kucing,siam,jantan,muda,1
1047,kucing_bengal_1047,kucing,bengal,jantan,dewasa,1
1048,kucing_persia_1048,kucing,persia,betina,muda,3
1049,anjing_german shepherd_1049,anjing,german shepherd,jantan,senior,2
1050,anjing_german shepherd_1050,anjing,german shepherd,jantan,senior,3
1051,anjing_german shepherd_1051,anjing,german shepherd,jantan,dewasa,3
1052,kucing_anggora_1052,kucing,anggora,jantan,senior,3
1053,kucing_anggora_1053,kucing,anggora,jantan,dewasa,2
1054,anjing_bulldog_1054,anjing,bulldog,betina,dewasa,2
1055,anjing_german shepherd_1055,anjing,german shepherd,jantan,dewasa,2
1056,kucing_persia_1056,kucing,persia,betina,dewasa,3
1057,anjing_bulldog_1057,anjing,bulldog,betina,muda,3
1058,kelinci_havana_1058,kelinci,havana,betina,muda,2
1059,kucing_siam_1059,kucing,siam,betina,muda,1
1060,anjing_retriever_1060,anjing,retriever,betina,senior,3
1061,anjing_bulldog_1061,anjing,bulldog,jantan,dewasa,2
1062,kelinci_havana_1062,kelinci,havana,betina,dewasa,1
1063,anjing_beagle_1063,anjing,beagle,betina,muda,3
1064,anjing_german shepherd_1064,anjing,german shepherd,betina,dewasa,1
1065,kelinci_havana_1065,kelinci,havana,betina,muda,2
1066,kelinci_havana_1066,kelinci,havana,betina,dewasa,2
1067,kucing_persia_1067,kucing,persia,jantan,senior,1
1068,kucing_persia_1068,kucing,persia,jantan,dewasa,3
1069,anjing_beagle_1069,anjing,beagle,jantan,senior,3
1070,kucing_persia_1070,kucing,persia,jantan,dewasa,2
1071,anjing_bulldog_1071,anjing,bulldog,jantan,dewasa,1
1072,kucing_persia_1072,kucing,persia,betina,dewasa,3
1073,kelinci_lop_1073,kelinci,lop,jantan,dewasa,3
1074,anjing_german shepherd_1074,anjing,german shepherd,jantan,senior,3
1075,kelinci_dwarf_1075,kelinci,dwarf,jantan,muda,2
1076,kelinci_angora_1076,kelinci,angora,jantan,muda,1
1077,anjing_retriever_1077,anjing,retriever,jantan,dewasa,3
1078,kelinci_lop_1078,kelinci,lop,jantan,muda,1
1079,kucing_kampung_1079,kucing,kampung,betina,dewasa,1
1080,anjing_retriever_1080,anjing,retriever,betina,muda,1
1081,kelinci_himalayan_1081,kelinci,himalayan,betina,dewasa,3
1082,kucing_persia_1082,kucing,persia,betina,dewasa,2
1083,kucing_bengal_1083,kucing,bengal,jantan,muda,3
1084,anjing_bulldog_1084,anjing,bulldog,jantan,dewasa,1
1085,kelinci_havana_1085,kelinci,havana,betina,muda,2
1086,anjing_german shepherd_1086,anjing,german shepherd,betina,muda,1
1087,anjing_bulldog_1087,anjing,bulldog,jantan,senior,3
1088,kelinci_angora_1088,kelinci,angora,betina,dewasa,3
1089,kelinci_lop_1089,kelinci,lop,betina,senior,2
1090,kelinci_lop_1090,kelinci,lop,jantan,dewasa,2
1091,kucing_kampung_1091,kucing,kampung,jantan,muda,3
1092,kelinci_angora_1092,kelinci,angora,jantan,muda,1
1093,kelinci_havana_1093,kelinci,havana,jantan,dewasa,1
1094,anjing_bulldog_1094,anjing,bulldog,betina,senior,2
1095,kelinci_lop_1095,kelinci,lop,jantan,muda,3
1096,kucing_kampung_1096,kucing,kampung,betina,dewasa,1
1097,kucing_persia_1097,kucing,persia,jantan,dewasa,1
1098,kelinci_havana_1098,kelinci,havana,betina,dewasa,3
1099,kucing_bengal_1099,kucing,bengal,betina,muda,2
1100,kelinci_dwarf_1100,kelinci,dwarf,betina,dewasa,3
1101,kucing_persia_1101,kucing,persia,betina,muda,3
1102,anjing_beagle_1102,anjing,beagle,jantan,dewasa,1
1103,kucing_anggora_1103,kucing,anggora,jantan,dewasa,1
1104,anjing_bulldog_1104,anjing,bulldog,jantan,senior,1
1105,kucing_persia_1105,kucing,persia,jantan,muda,1
1106,anjing_bulldog_1106,anjing,bulldog,betina,dewasa,3
1107,kucing_kampung_1107,kucing,kampung,jantan,dewasa,2
1108,kelinci_lop_1108,kelinci,lop,jantan,muda,3
1109,kucing_siam_1109,kucing,siam,betina,senior,1
1110,anjing_beagle_1110,anjing,beagle,betina,dewasa,2
1111,kelinci_dwarf_1111,kelinci,dwarf,betina,dewasa,3
1112,kelinci_lop_1112,kelinci,lop,jantan,dewasa,2
1113,kelinci_havana_1113,kelinci,havana,betina,muda,1
1114,kucing_bengal_1114,kucing,bengal,jantan,dewasa,3
1115,kucing_persia_1115,kucing,persia,betina,dewasa,1
1116,kucing_anggora_1116,kucing,anggora,betina,dewasa,2
1117,kucing_persia_1117,kucing,persia,betina,senior,2
1118,anjing_german shepherd_1118,anjing,german shepherd,betina,senior,1
1119,kucing_kampung_1119,kucing,kampung,betina,dewasa,2
1120,anjing_german shepherd_1120,anjing,german shepherd,jantan,muda,2
1121,kucing_siam_1121,kucing,siam,jantan,dewasa,1
1122,kelinci_angora_1122,kelinci,angora,jantan,senior,2
1123,anjing_retriever_1123,anjing,retriever,jantan,dewasa,3
1124,anjing_german shepherd_1124,anjing,german shepherd,jantan,senior,3
1125,anjing_beagle_1125,anjing,beagle,betina,dewasa,3
1126,kelinci_havana_1126,kelinci,havana,betina,muda,2
1127,anjing_retriever_1127,anjing,retriever,jantan,senior,2
1128,kelinci_angora_1128,kelinci,angora,jantan,senior,3
1129,anjing_beagle_1129,anjing,beagle,betina,muda,2
1130,anjing_beagle_1130,anjing,beagle,betina,dewasa,3
1131,kucing_persia_1131,kucing,persia,betina,dewasa,2
1132,anjing_retriever_1132,anjing,retriever,betina,dewasa,2
1133,kucing_siam_1133,kucing,siam,jantan,senior,2
1134,kelinci_havana_1134,kelinci,havana,jantan,dewasa,3
1135,kucing_kampung_1135,kucing,kampung,betina,senior,2
1136,kucing_kampung_1136,kucing,kampung,betina,muda,2
1137,kucing_anggora_1137,kucing,anggora,jantan,muda,3
1138,kelinci_lop_1138,kelinci,lop,jantan,muda,1
1139,kucing_bengal_1139,kucing,bengal,betina,dewasa,1
1140,kelinci_dwarf_1140,kelinci,dwarf,jantan,senior,2
1141,anjing_bulldog_1141,anjing,bulldog,betina,dewasa,1
1142,kelinci_dwarf_1142,kelinci,dwarf,betina,muda,3
1143,anjing_bulldog_1143,anjing,bulldog,jantan,muda,2
1144,kelinci_angora_1144,kelinci,angora,betina,muda,2
1145,anjing_retriever_1145,anjing,retriever,jantan,dewasa,2
1146,anjing_german shepherd_1146,anjing,german shepherd,betina,dewasa,2
1147,kelinci_lop_1147,kelinci,lop,jantan,dewasa,2
1148,kucing_bengal_1148,kucing,bengal,jantan,muda,1
1149,anjing_beagle_1149,anjing,beagle,jantan,dewasa,3
1150,kucing_anggora_1150,kucing,anggora,betina,dewasa,3
1151,kucing_persia_1151,kucing,persia,jantan,dewasa,3
1152,kelinci_havana_1152,kelinci,havana,betina,dewasa,1
1153,kelinci_lop_1153,kelinci,lop,betina,dewasa,3
1154,anjing_beagle_1154,anjing,beagle,betina,muda,3
1155,anjing_retriever_1155,anjing,retriever,betina,muda,2
1156,kucing_siam_1156,kucing,siam,betina,dewasa,1
1157,kelinci_dwarf_1157,kelinci,dwarf,betina,dewasa,2
1158,anjing_bulldog_1158,anjing,bulldog,betina,dewasa,1
1159,anjing_german shepherd_1159,anjing,german shepherd,jantan,dewasa,2
1160,kucing_bengal_1160,kucing,bengal,jantan,senior,1
1161,anjing_retriever_1161,anjing,retriever,betina,dewasa,2
1162,anjing_bulldog_1162,anjing,bulldog,jantan,dewasa,3
1163,kucing_bengal_1163,kucing,bengal,betina,dewasa,1
1164,kucing_siam_1164,kucing,siam,jantan,muda,2
1165,anjing_german shepherd_1165,anjing,german shepherd,jantan,muda,1
1166,anjing_bulldog_1166,anjing,bulldog,jantan,senior,1
1167,kelinci_havana_1167,kelinci,havana,betina,senior,2
1168,kucing_siam_1168,kucing,siam,jantan,dewasa,1
1169,anjing_beagle_1169,anjing,beagle,jantan,senior,1
1170,kucing_kampung_1170,kucing,kampung,betina,senior,3
1171,anjing_german shepherd_1171,anjing,german shepherd,betina,dewasa,3
1172,kucing_anggora_1172,kucing,anggora,jantan,muda,1
1173,kelinci_havana_1173,kelinci,havana,betina,dewasa,2
1174,anjing_beagle_1174,anjing,beagle,betina,muda,3
1175,kelinci_angora_1175,kelinci,angora,jantan,muda,2
1176,anjing_bulldog_1176,anjing,bulldog,betina,muda,2
1177,anjing_retriever_1177,anjing,retriever,jantan,muda,3
1178,kelinci_dwarf_1178,kelinci,dwarf,betina,dewasa,3
1179,kelinci_angora_1179,kelinci,angora,jantan,dewasa,1
1180,kucing_kampung_1180,kucing,kampung,betina,dewasa,1
1181,kucing_kampung_1181,kucing,kampung,betina,senior,1
1182,kucing_kampung_1182,kucing,kampung,jantan,muda,3
1183,kelinci_dwarf_1183,kelinci,dwarf,jantan,dewasa,1
1184,kelinci_havana_1184,kelinci,havana,jantan,muda,1
1185,anjing_retriever_1185,anjing,retriever,betina,senior,3
1186,anjing_german shepherd_1186,anjing,german shepherd,jantan,senior,2
1187,kucing_persia_1187,kucing,persia,betina,senior,2
1188,anjing_bulldog_1188,anjing,bulldog,jantan,senior,3
1189,kelinci_lop_1189,kelinci,lop,betina,senior,3
1190,kucing_persia_1190,kucing,persia,betina,muda,2
1191,anjing_german shepherd_1191,anjing,german shepherd,jantan,dewasa,2
1192,kucing_siam_1192,kucing,siam,jantan,senior,3
1193,anjing_retriever_1193,anjing,retriever,jantan,senior,3
1194,kucing_anggora_1194,kucing,anggora,jantan,dewasa,1
1195,kelinci_dwarf_1195,kelinci,dwarf,betina,dewasa,2
1196,kucing_siam_1196,kucing,siam,betina,muda,3
1197,kucing_bengal_1197,kucing,bengal,jantan,muda,1
1198,anjing_retriever_1198,anjing,retriever,jantan,muda,3
1199,anjing_german shepherd_1199,anjing,german shepherd,jantan,dewasa,2
1200,kelinci_dwarf_1200,kelinci,dwarf,betina,senior,2
